FlightNumber,Date,BoosterVersion,PayloadMass,Orbit,LaunchSite,Outcome,Flights,GridFins,Reused,Legs,LandingPad,Block,ReusedCount,Serial,Longitude,Latitude
1,2010-06-04,Falcon 9,0.0,LEO,Cape Canaveral Space Force Station (SLC-40),None None,1,False,False,False,,,,,-80.57718,28.562106
2,2012-05-22,Falcon 9,525.0,LEO(ISS) ,Cape Canaveral Space Force Station (SLC-40),None None,1,False,False,False,,,,,-80.57718,28.562106
3,2013-03-01,Falcon 9,,,Cape Canaveral Space Force Station (SLC-40),None None,1,False,False,False,,,,,-80.57718,28.562106
4,2013-09-29,Falcon 9,500.0,Polar orbit LEO,Vandenberg Space Launch Complex 4,False Ocean,1,False,False,False,,,,,-120.613,34.633
5,2013-12-03,Falcon 9,3170.0,GTP ,Cape Canaveral Space Force Station (SLC-40),None None,1,False,False,False,,,,,-80.57718,28.562106
6,2014-01-06,Falcon 9,3325.0,GTO,Cape Canaveral Space Force Station (SLC-40),None None,1,False,False,False,,,,,-80.57718,28.562106
7,2014-04-18,Falcon 9,2296.0,LEO(ISS) ,Cape Canaveral Space Force Station (SLC-40),True Ocean,1,False,False,True,,,,,-80.57718,28.562106
8,2014-07-14,Falcon 9,1316.0,LEO,Cape Canaveral Space Force Station (SLC-40),True Ocean,1,False,False,True,,,,,-80.57718,28.562106
9,2014-08-05,Falcon 9,4535.0,GTO,Cape Canaveral Space Force Station (SLC-40),None None,1,False,False,False,,,,,-80.57718,28.562106
10,2014-09-07,Falcon 9,4428.0,GTO,Cape Canaveral Space Force Station (SLC-40),None None,1,False,False,False,,,,,-80.57718,28.562106
11,2014-09-21,Falcon 9,2216.0,LEO(ISS) ,Cape Canaveral Space Force Station (SLC-40),False Ocean,1,False,False,False,,,,,-80.57718,28.562106
12,2015-01-10,Falcon 9,2395.0,LEO(ISS) ,Cape Canaveral Space Force Station (SLC-40),False ASDS,1,True,False,True,5e9e3032383ecb761634e7cb,,,,-80.57718,28.562106
13,2015-02-11,Falcon 9,570.0,Sun-Earth L1 insertion ,Cape Canaveral Space Force Station (SLC-40),True Ocean,1,True,False,True,,,,,-80.57718,28.562106
14,2015-04-14,Falcon 9,1898.0,LEO(ISS) ,Cape Canaveral Space Force Station (SLC-40),False ASDS,1,True,False,True,5e9e3032383ecb761634e7cb,,,,-80.57718,28.562106
15,2015-04-27,Falcon 9,4707.0,GTO,Cape Canaveral Space Force Station (SLC-40),None None,1,False,False,False,,,,,-80.57718,28.562106
16,2015-06-28,Falcon 9,1952.0,LEO,Cape Canaveral Space Force Station (SLC-40),None ASDS,1,True,False,True,5e9e3032383ecb6bb234e7ca,,,,-80.57718,28.562106
17,2015-12-22,Falcon 9,2034.0,LEO,Cape Canaveral Space Force Station (SLC-40),True RTLS,1,True,False,True,5e9e3032383ecb267a34e7c7,,,,-80.57718,28.562106
18,2016-01-17,Falcon 9,553.0,LEO,Vandenberg Space Launch Complex 4,False ASDS,1,True,False,True,5e9e3033383ecbb9e534e7cc,,,,-120.613,34.633
19,2016-03-04,Falcon 9,5271.0,GTO,Cape Canaveral Space Force Station (SLC-40),False ASDS,1,True,False,True,5e9e3032383ecb6bb234e7ca,,,,-80.57718,28.562106
20,2016-04-08,Falcon 9,3136.0,LEO(ISS) ,Cape Canaveral Space Force Station (SLC-40),True ASDS,1,True,False,True,5e9e3032383ecb6bb234e7ca,,,,-80.57718,28.562106
21,2016-05-06,Falcon 9,4696.0,GTO,Cape Canaveral Space Force Station (SLC-40),True ASDS,1,True,False,True,5e9e3032383ecb6bb234e7ca,,,,-80.57718,28.562106
22,2016-05-27,Falcon 9,4100.0,GTO,Cape Canaveral Space Force Station (SLC-40),True ASDS,1,True,False,True,5e9e3032383ecb6bb234e7ca,,,,-80.57718,28.562106
23,2016-07-18,Falcon 9,2257.0,LEO(ISS) ,Cape Canaveral Space Force Station (SLC-40),True RTLS,1,True,False,True,5e9e3032383ecb267a34e7c7,,,,-80.57718,28.562106
24,2016-08-14,Falcon 9,4600.0,GTO,Cape Canaveral Space Force Station (SLC-40),True ASDS,1,True,False,True,5e9e3032383ecb6bb234e7ca,,,,-80.57718,28.562106
25,2016-09-01,Falcon 9,,,Cape Canaveral Space Force Station (SLC-40),None ASDS,1,True,False,True,5e9e3032383ecb6bb234e7ca,,,,-80.57718,28.562106
26,2017-01-14,Falcon 9,9600.0,Polar LEO,Vandenberg Space Launch Complex 4,True ASDS,1,True,False,True,5e9e3033383ecbb9e534e7cc,,,,-120.613,34.633
27,2017-02-19,Falcon 9,2490.0,LEO(ISS) ,Kennedy Space Center Launch Complex 39A,True RTLS,1,True,False,True,5e9e3032383ecb267a34e7c7,,,,-80.604333,28.608389
28,2017-03-16,Falcon 9,5600.0,LEO,Kennedy Space Center Launch Complex 39A,None None,1,False,False,False,,,,,-80.604333,28.608389
29,2017-03-30,Falcon 9,5300.0,GTO,Kennedy Space Center Launch Complex 39A,True ASDS,2,True,True,True,5e9e3032383ecb6bb234e7ca,,,,-80.604333,28.608389
30,2017-05-01,Falcon 9,0.0,LEO,Kennedy Space Center Launch Complex 39A,True RTLS,1,True,False,True,5e9e3032383ecb267a34e7c7,,,,-80.604333,28.608389
31,2017-05-15,Falcon 9,6070.0,GTO,Kennedy Space Center Launch Complex 39A,None None,1,False,False,False,,,,,-80.604333,28.608389
32,2017-06-03,Falcon 9,2708.0,LEO(ISS) ,Kennedy Space Center Launch Complex 39A,True RTLS,1,True,False,True,5e9e3032383ecb267a34e7c7,,,,-80.604333,28.608389
33,2017-06-23,Falcon 9,3669.0,GTO,Kennedy Space Center Launch Complex 39A,True ASDS,2,True,True,True,5e9e3032383ecb6bb234e7ca,,,,-80.604333,28.608389
34,2017-06-25,Falcon 9,9600.0,LEO,Vandenberg Space Launch Complex 4,True ASDS,1,True,False,True,5e9e3033383ecbb9e534e7cc,,,,-120.613,34.633
35,2017-07-05,Falcon 9,6761.0,GTO,Kennedy Space Center Launch Complex 39A,None None,1,False,False,False,,,,,-80.604333,28.608389
36,2017-08-14,Falcon 9,3310.0,LEO(ISS) ,Kennedy Space Center Launch Complex 39A,True RTLS,1,True,False,True,5e9e3032383ecb267a34e7c7,,,,-80.604333,28.608389
37,2017-08-24,Falcon 9,475.0,SSO,Vandenberg Space Launch Complex 4,True ASDS,1,True,False,True,5e9e3033383ecbb9e534e7cc,,,,-120.613,34.633
38,2017-09-07,Falcon 9,4990.0,LEO,Kennedy Space Center Launch Complex 39A,True RTLS,1,True,False,True,5e9e3032383ecb267a34e7c7,,,,-80.604333,28.608389
39,2017-10-09,Falcon 9,9600.0,Polar LEO,Vandenberg Space Launch Complex 4,True ASDS,1,True,False,True,5e9e3033383ecbb9e534e7cc,,,,-120.613,34.633
40,2017-10-11,Falcon 9,5400.0,GTO,Kennedy Space Center Launch Complex 39A,True ASDS,2,True,True,True,5e9e3032383ecb6bb234e7ca,,,,-80.604333,28.608389
41,2017-10-30,Falcon 9,3500.0,GTO,Kennedy Space Center Launch Complex 39A,True ASDS,1,True,False,True,5e9e3032383ecb6bb234e7ca,,,,-80.604333,28.608389
42,2017-12-15,Falcon 9,2205.0,LEO(ISS) ,Cape Canaveral Space Force Station (SLC-40),True RTLS,2,True,True,True,5e9e3032383ecb267a34e7c7,,,,-80.57718,28.562106
43,2017-12-23,Falcon 9,9600.0,Polar LEO,Vandenberg Space Launch Complex 4,True Ocean,2,True,True,False,,,,,-120.613,34.633
44,2018-01-08,Falcon 9,0.0,LEO,Cape Canaveral Space Force Station (SLC-40),True RTLS,1,True,False,True,5e9e3032383ecb267a34e7c7,,,,-80.57718,28.562106
45,2018-01-31,Falcon 9,4230.0,GTO,Cape Canaveral Space Force Station (SLC-40),True Ocean,2,True,True,True,,,,,-80.57718,28.562106
46,2018-03-06,Falcon 9,6092.0,GTO,Cape Canaveral Space Force Station (SLC-40),None None,1,True,False,True,,,,,-80.57718,28.562106
47,2018-03-30,Falcon 9,9600.0,Polar LEO,Vandenberg Space Launch Complex 4,None None,2,True,True,True,,,,,-120.613,34.633
48,2018-04-02,Falcon 9,2647.0,LEO(ISS) ,Cape Canaveral Space Force Station (SLC-40),None None,2,True,True,True,,,,,-80.57718,28.562106
49,2018-04-18,Falcon 9,362.0,HEO,Cape Canaveral Space Force Station (SLC-40),True ASDS,1,True,False,True,5e9e3032383ecb6bb234e7ca,,,,-80.57718,28.562106
50,2018-05-11,Falcon 9,3600.0,GTO,Kennedy Space Center Launch Complex 39A,True ASDS,1,True,False,True,5e9e3032383ecb6bb234e7ca,,,,-80.604333,28.608389
51,2018-06-04,Falcon 9,5394.0,GTO,Cape Canaveral Space Force Station (SLC-40),None None,2,False,True,False,,,,,-80.57718,28.562106
52,2018-06-29,Falcon 9,2697.0,LEO(ISS) ,Cape Canaveral Space Force Station (SLC-40),None None,2,False,True,False,,,,,-80.57718,28.562106
53,2018-07-22,Falcon 9,7075.0,GTO,Cape Canaveral Space Force Station (SLC-40),True ASDS,1,True,False,True,5e9e3032383ecb6bb234e7ca,,,,-80.57718,28.562106
54,2018-07-25,Falcon 9,9600.0,Polar LEO,Vandenberg Space Launch Complex 4,True ASDS,1,True,False,True,5e9e3033383ecbb9e534e7cc,,,,-120.613,34.633
55,2018-08-07,Falcon 9,5800.0,GTO,Cape Canaveral Space Force Station (SLC-40),True ASDS,2,True,True,True,5e9e3032383ecb6bb234e7ca,,,,-80.57718,28.562106
56,2018-09-10,Falcon 9,7060.0,GTO,Cape Canaveral Space Force Station (SLC-40),True ASDS,1,True,False,True,5e9e3032383ecb6bb234e7ca,,,,-80.57718,28.562106
57,2018-10-08,Falcon 9,3000.0,SSO,Vandenberg Space Launch Complex 4,True RTLS,2,True,True,True,5e9e3032383ecb554034e7c9,,,,-120.613,34.633
58,2018-11-15,Falcon 9,5300.0,GTO,Kennedy Space Center Launch Complex 39A,True ASDS,2,True,True,True,5e9e3032383ecb6bb234e7ca,,,,-80.604333,28.608389
59,2018-12-03,Falcon 9,4000.0,SSO,Vandenberg Space Launch Complex 4,True ASDS,3,True,True,True,5e9e3033383ecbb9e534e7cc,,,,-120.613,34.633
60,2018-12-05,Falcon 9,2500.0,LEO(ISS) ,Cape Canaveral Space Force Station (SLC-40),False RTLS,1,True,False,True,5e9e3032383ecb267a34e7c7,,,,-80.57718,28.562106
61,2018-12-23,Falcon 9,4400.0,MEO,Cape Canaveral Space Force Station (SLC-40),None None,1,False,False,False,,,,,-80.57718,28.562106
62,2019-01-11,Falcon 9,9600.0,Polar LEO,Vandenberg Space Launch Complex 4,True ASDS,2,True,True,True,5e9e3033383ecbb9e534e7cc,,,,-120.613,34.633
63,2019-03-02,Falcon 9,12055.0,LEO,Kennedy Space Center Launch Complex 39A,True ASDS,1,True,False,True,5e9e3032383ecb6bb234e7ca,,,,-80.604333,28.608389
64,2019-05-04,Falcon 9,2495.0,LEO,Cape Canaveral Space Force Station (SLC-40),True ASDS,1,True,False,True,5e9e3032383ecb6bb234e7ca,,,,-80.57718,28.562106
65,2019-05-24,Falcon 9,13620.0,LEO,Cape Canaveral Space Force Station (SLC-40),True ASDS,3,True,True,True,5e9e3032383ecb6bb234e7ca,,,,-80.57718,28.562106
66,2019-06-12,Falcon 9,4200.0,SSO,Vandenberg Space Launch Complex 4,True RTLS,2,True,True,True,5e9e3032383ecb554034e7c9,,,,-120.613,34.633
67,2019-07-25,Falcon 9,2268.0,LEO,Cape Canaveral Space Force Station (SLC-40),True RTLS,2,True,True,True,5e9e3032383ecb267a34e7c7,,,,-80.57718,28.562106
68,2019-08-06,Falcon 9,6500.0,GTO,Cape Canaveral Space Force Station (SLC-40),None None,3,False,True,False,,,,,-80.57718,28.562106
69,2019-11-11,Falcon 9,15600.0,LEO,Cape Canaveral Space Force Station (SLC-40),True ASDS,4,True,True,True,5e9e3032383ecb6bb234e7ca,,,,-80.57718,28.562106
70,2019-12-05,Falcon 9,2617.0,LEO,Cape Canaveral Space Force Station (SLC-40),True ASDS,1,True,False,True,5e9e3032383ecb6bb234e7ca,,,,-80.57718,28.562106
71,2019-12-17,Falcon 9,6956.0,GTO,Cape Canaveral Space Force Station (SLC-40),True ASDS,3,True,True,True,5e9e3032383ecb6bb234e7ca,,,,-80.57718,28.562106
72,2020-01-07,Falcon 9,15600.0,LEO,Cape Canaveral Space Force Station (SLC-40),True ASDS,4,True,True,True,5e9e3032383ecb6bb234e7ca,,,,-80.57718,28.562106
73,2020-01-19,Falcon 9,12050.0,Sub-orbital ,Kennedy Space Center Launch Complex 39A,None None,4,False,True,False,,,,,-80.604333,28.608389
74,2020-01-29,Falcon 9,15600.0,LEO,Cape Canaveral Space Force Station (SLC-40),True ASDS,3,True,True,True,5e9e3032383ecb6bb234e7ca,,,,-80.57718,28.562106
75,2020-02-17,Falcon 9,15600.0,LEO,Cape Canaveral Space Force Station (SLC-40),False ASDS,4,True,True,True,5e9e3032383ecb6bb234e7ca,,,,-80.57718,28.562106
76,2020-03-07,Falcon 9,1977.0,LEO(ISS) ,Cape Canaveral Space Force Station (SLC-40),True RTLS,2,True,True,True,5e9e3032383ecb267a34e7c7,,,,-80.57718,28.562106
77,2020-03-18,Falcon 9,15600.0,LEO,Kennedy Space Center Launch Complex 39A,False ASDS,5,True,True,True,5e9e3032383ecb6bb234e7ca,,,,-80.604333,28.608389
78,2020-04-22,Falcon 9,15600.0,LEO,Kennedy Space Center Launch Complex 39A,True ASDS,4,True,True,True,5e9e3032383ecb6bb234e7ca,,,,-80.604333,28.608389
79,2020-05-30,Falcon 9,12530.0,LEO(ISS) ,Kennedy Space Center Launch Complex 39A,True ASDS,1,True,False,True,5e9e3032383ecb6bb234e7ca,,,,-80.604333,28.608389
80,2020-06-04,Falcon 9,15600.0,LEO,Cape Canaveral Space Force Station (SLC-40),True ASDS,5,True,True,True,5e9e3033383ecbb9e534e7cc,,,,-80.57718,28.562106
81,2020-06-13,Falcon 9,15410.0,LEO,Cape Canaveral Space Force Station (SLC-40),True ASDS,3,True,True,True,5e9e3032383ecb6bb234e7ca,,,,-80.57718,28.562106
82,2020-06-30,Falcon 9,4311.0,MEO,Cape Canaveral Space Force Station (SLC-40),True ASDS,1,True,False,True,5e9e3033383ecbb9e534e7cc,,,,-80.57718,28.562106
83,2020-07-20,Falcon 9,5000.0,GTO,Cape Canaveral Space Force Station (SLC-40),True ASDS,2,True,True,True,5e9e3033383ecbb9e534e7cc,,,,-80.57718,28.562106
84,2020-08-18,Falcon 9,15440.0,LEO,Cape Canaveral Space Force Station (SLC-40),True ASDS,6,True,True,True,5e9e3032383ecb6bb234e7ca,,,,-80.57718,28.562106
85,2020-08-30,Falcon 9,3130.0,SSO,Cape Canaveral Space Force Station (SLC-40),True RTLS,4,True,True,True,5e9e3032383ecb267a34e7c7,,,,-80.57718,28.562106
86,2020-09-03,Falcon 9,15600.0,LEO,Kennedy Space Center Launch Complex 39A,True ASDS,2,True,True,True,5e9e3032383ecb6bb234e7ca,,,,-80.604333,28.608389
87,2020-10-06,Falcon 9,15600.0,LEO,Kennedy Space Center Launch Complex 39A,True ASDS,3,True,True,True,5e9e3032383ecb6bb234e7ca,,,,-80.604333,28.608389
88,2020-10-18,Falcon 9,15600.0,LEO,Kennedy Space Center Launch Complex 39A,True ASDS,6,True,True,True,5e9e3032383ecb6bb234e7ca,,,,-80.604333,28.608389
89,2020-10-24,Falcon 9,15600.0,LEO,Cape Canaveral Space Force Station (SLC-40),True ASDS,3,True,True,True,5e9e3033383ecbb9e534e7cc,,,,-80.57718,28.562106
90,2020-11-05,Falcon 9,4311.0,MEO,Cape Canaveral Space Force Station (SLC-40),True ASDS,1,True,False,True,5e9e3032383ecb6bb234e7ca,,,,-80.57718,28.562106
